<?xml version="1.0" encoding="utf-8"?>

<!--
@name     OpenCart
@package  seo_path/zemez (Seo Path|Zemez),
@author   Andrii Burkatskyi, ocmod.space@gmail.com
@version  4.2.0
@link     https://www.ocmod.space/seo-path
@link     https://www.opencart.com/index.php?route=marketplace/extension/info&extension_id=38192
@link     https://github.com/ocmod-space/ocmod-seo-path
@licence  https://raw.githubusercontent.com/ocmod-space/ocmod-seo-path/main/EULA.txt
-->

<modification>

    <name>/ocmod.space/seo_path/zemez</name>
    <code>seo-path--zemez</code>
    <version>4.2.0</version>
    <author>Andrii Burkatskyi</author>
    <link>https://www.opencart.com/index.php?route=marketplace/extension&amp;filter_member=ocmod.space</link>

	<file path="catalog/controller/extension/module/seo_path.php" error="log">
		<operation error="log">
			<search info="">
				<![CDATA[unset($this->session->data['get']);]]>
			</search>
			<add position="replace">
				<![CDATA[// unset($this->session->data['get']);]]>
			</add>
		</operation>
	</file>

</modification>
