<?xml version="1.0" encoding="utf-8"?>

<!--
@name     OpenCart
@package  SEO Path
@author   ocmod.space, <ocmod.space@gmail.com>
@version  4.4.0
@link     https://www.opencart.com/index.php?route=marketplace/extension/info&extension_id=38192
@link     https://www.opencart.com/index.php?route=marketplace/extension&filter_member=ocmod.space
@link     https://github.com/ocmod-space/seo-path
@license  https://raw.githubusercontent.com/ocmod-space/ocmod-seo-path/main/EULA.en.txt
-->

<modification>

    <name>/ocmod.space/seo_path/zemez</name>
    <code>seo_path__zemez</code>
    <version>4.4.0</version>
    <author>ocmod.space</author>
    <link>https://www.opencart.com/index.php?route=marketplace/extension&amp;filter_member=ocmod.space</link>

	<file path="catalog/controller/extension/module/seo_path.php" error="log">
		<operation error="log">
			<search info="">
				<![CDATA[unset($this->session->data['get']);]]>
			</search>
			<add position="replace">
				<![CDATA[// unset($this->session->data['get']);]]>
			</add>
		</operation>
	</file>

</modification>
