<?xml version="1.0" encoding="utf-8"?>

<!--
@name     OpenCart
@package  Seo Path|Absolute Path
@author   Andrii Burkatskyi, ocmod.space@gmail.com
@version  4.2.4
@link     https://www.ocmod.space/seo-path
@link     https://www.opencart.com/index.php?route=marketplace/extension/info&extension_id=38192
@link     https://github.com/ocmod-space/ocmod-seo-path
@licence  https://raw.githubusercontent.com/ocmod-space/ocmod-seo-path/main/EULA.txt
-->

<modification>

    <name>/ocmod.space/seo_path/absolute_path</name>
    <code>seo-path--absolute-path</code>
    <version>4.2.4</version>
    <author>Andrii Burkatskyi</author>
    <link>https://www.opencart.com/index.php?route=marketplace/extension&amp;filter_member=ocmod.space</link>

	<file path="catalog/controller/startup/seo_path.php" error="log">
		<operation error="log" info="absolute path">
			<search>
				<![CDATA[foreach ($parts as $part) {]]>
			</search>
			<add position="before">
				<![CDATA[
			/// <<< /ocmod.space/seo_path/absolute_path
			if (count($parts) > 1) {
				$absolute_path = $parts;

				while (count($absolute_path) > 1) {
					$seo_query = $this->{$this->mmodel}->getSeoQuery(implode('/', $absolute_path));

					if ($seo_query) {
						$seo_query_parts = explode('=', $seo_query);

						if ($seo_query_parts[0] == 'category_id')  {
							$this->request->get['path'] = $seo_query_parts[1];

							$parts = array_diff($parts, $absolute_path);

							break;
						}
					}

					array_pop($absolute_path);
				}

				unset($absolute_path);
			}
			/// >>> /ocmod.space/seo_path/absolute_path]]>
			</add>
		</operation>
		<operation error="log" info="absolute path">
			<search>
				<![CDATA[$categories = explode('_', $value);]]>
			</search>
			<add position="before">
				<![CDATA[
						/// <<< /ocmod.space/seo_path/absolute_path
						$seo_keyword = $this->{$this->mmodel}->getSeoKeyword('category_id=' . $value, $language_id);

						if ($seo_keyword) {
							$seo_path = '/' . $seo_keyword;

							unset($data[$key]);

							break;
						}}
						/// >>> /ocmod.space/seo_path/absolute_path]]>
			</add>
		</operation>
	</file>
</modification>
