<?xml version="1.0" encoding="utf-8"?>

<!--
@name     OpenCart
@package  Seo Path|Plaza
@author   Andrii Burkatskyi, ocmod.space@gmail.com
@version  4.2.1
@link     https://www.ocmod.space/seo-path
@link     https://www.opencart.com/index.php?route=marketplace/extension/info&extension_id=38192
@link     https://github.com/ocmod-space/ocmod-seo-path
@licence  https://raw.githubusercontent.com/ocmod-space/ocmod-seo-path/main/EULA.txt
-->

<modification>

    <name>/ocmod.space/seo_path/plaza</name>
    <code>seo-path--plaza</code>
    <version>4.2.1</version>
    <author>Andrii Burkatskyi</author>
    <link>https://www.opencart.com/index.php?route=marketplace/extension&amp;filter_member=ocmod.space</link>

	<file path="catalog/controller/startup/seo_path.php" error="log">
		<operation error="log" info="">
			<search>
				<![CDATA[} elseif (isset($this->request->get['manufacturer_id'])) {]]>
			</search>
			<add position="before">
				<![CDATA[				} elseif (isset($this->request->get['post_id'])) {
					$this->request->get['route'] = 'plaza/blog/post';
				} elseif (isset($this->request->get['post_list_id'])) {
					$this->request->get['route'] = 'plaza/blog/category';]]>
			</add>
		</operation>
		<operation error="log" info="">
			<search>
				<![CDATA[case $data['route'] == 'information/information' && $key == 'information_id']]>
			</search>
			<add position="after">
				<![CDATA[					case $data['route'] == 'plaza/blog/category' && $key == 'post_list_id':
					case $data['route'] == 'plaza/blog/post' && $key == 'post_id':]]>
			</add>
		</operation>
	</file>

	<file path="catalog/model/extension/module/seo_path.php" error="log">
		<operation error="log" info="">
			<search>
				<![CDATA[default:]]>
			</search>
			<add position="before">
				<![CDATA[
			case 'post_id':
				$pfx = explode('_', $part[0])[0];
				$id = isset($part[1]) ? $part[1] : '';
				$cache_id =  $id ? $pfx . '.' . $id : $pfx;

				break;
			case 'post_list_id':
				$pfx = explode('_', $part[0])[0] .'_'. explode('_', $part[0])[1];
				$id = isset($part[1]) ? $part[1] : '';
				$cache_id =  $id ? $pfx . '.' . $id : $pfx;

				break;]]>
			</add>
		</operation>
	</file>

</modification>
