<?xml version="1.0" encoding="utf-8"?>

<!--
@name     OpenCart
@package  seo_path/enhanced_manufacturers (Seo Path|Enhanced Manufacturers),
@author   Andrii Burkatskyi, ocmod.space@gmail.com
@version  4.2.0
@link     https://www.ocmod.space/seo-path
@link     https://www.opencart.com/index.php?route=marketplace/extension/info&extension_id=38192
@link     https://github.com/ocmod-space/ocmod-seo-path
@licence  https://raw.githubusercontent.com/ocmod-space/ocmod-seo-path/main/EULA.txt
-->

<modification>

    <name>/ocmod.space/seo_path/enhanced_manufacturers</name>
    <code>seo-path--enhanced-manufacturers</code>
    <version>4.2.0</version>
    <author>Andrii Burkatskyi</author>
    <link>https://www.opencart.com/index.php?route=marketplace/extension&amp;filter_member=ocmod.space</link>

	<file path="catalog/controller/startup/seo_path.php" error="log">
		<operation error="log" info="">
			<search>
				<![CDATA[$this->request->get['route'] = 'product/category';]]>
			</search>
			<add position="replace">
				<![CDATA[/// <<< /ocmod.space/seo_path/enhanced_manufacturers
					if (isset($this->request->get['manufacturer_id'])) {
						$this->request->get['route'] = 'product/manufacturer/info';
					} else {
						$this->request->get['route'] = 'product/category';
					}
					/// >>> /ocmod.space/seo_path/enhanced_manufacturers]]>
			</add>
		</operation>
		<operation error="log" info="">
			<search>
				<![CDATA[if (isset($data['path'])) {]]>
			</search>
			<add position="before">
				<![CDATA[
			/// <<< /ocmod.space/seo_path/enhanced_manufacturers
			if (isset($sorted['path']) && isset($sorted['manufacturer_id'])) {
				$data['path'] = $sorted['path'];
				$data['manufacturer_id'] = $sorted['manufacturer_id'];

				unset($sorted['manufacturer_id']);
				unset($sorted['path']);

				$sorted['manufacturer_id'] = $data['manufacturer_id'];
				$sorted['path'] = $data['path'];

				unset($data['manufacturer_id']);
				unset($data['path']);
			}

			if (isset($data['product_id']) && isset($sorted['manufacturer_id'])) {
				if ($this->settings['product_path'] != 'manufacturer') {
					unset($sorted['manufacturer_id']);
				}
			}
			/// >>> /ocmod.space/seo_path/enhanced_manufacturers]]>
			</add>
		</operation>
	</file>

</modification>
