<?xml version="1.0" encoding="utf-8"?>

<!--
@name     OpenCart
@package  SEO Path
@author   ocmod.space, <ocmod.space@gmail.com>
@version  4.4.0
@link     https://www.opencart.com/index.php?route=marketplace/extension/info&extension_id=38192
@link     https://www.opencart.com/index.php?route=marketplace/extension&filter_member=ocmod.space
@link     https://github.com/ocmod-space/seo-path
@license  https://raw.githubusercontent.com/ocmod-space/ocmod-seo-path/main/EULA.en.txt
-->

<modification>
    <name>/ocmod.space/seo_path/seo_redirect</name>
    <code>seo_path__seo_redirect</code>
    <version>4.4.0</version>
    <author>ocmod.space</author>
    <link>https://www.opencart.com/index.php?route=marketplace/extension&amp;filter_member=ocmod.space</link>

	<file path="catalog/controller/startup/seo_path.php" error="log">
		<operation error="log">
			<!-- <search><![CDATA[if (count($languages) > 1) {]]></search> -->
			<search><![CDATA[foreach ($parts as $part)]]></search>
			<add position="before"><![CDATA[
			/// <<< /ocmod.space/seo_path/seo_redirect
			if ($this->config->get('module_seo_redirect_status')) {
				$this->redirect301($parts);
			}
			/// >>>  /ocmod.space/seo_path/seo_redirect]]></add>
		</operation>

		<operation error="log">
			<search><![CDATA[$this->request->get['route'] = 'error/not_found';]]></search>
			<add position="before"><![CDATA[
					/// <<< /ocmod.space/seo_path/seo_redirect
					if ($this->config->get('module_seo_redirect_status')) {
						$this->load->controller('extension/module/seo_redirect/log404');
						$this->load->controller('extension/module/seo_redirect/search404');
					}
					/// >>>  /ocmod.space/seo_path/seo_redirect]]></add>
		</operation>

		<operation error="log">
			<search><![CDATA[private function getCategoryPath]]></search>
			<add position="before"><![CDATA[
	/// <<< /ocmod.space/seo_path/seo_redirect
	private function redirect301($parts) {
		$redirect = false;

		$this->load->model('extension/module/seo_redirect');

		foreach ($parts as $key => $part) {
			$request_info = $this->model_extension_module_seo_redirect->getRequestInfo($part);

			if ($request_info) {
				$redirect = true;
				$parts[$key] = $request_info['target'];

				$this->model_extension_module_seo_redirect->updateHits($request_info['request_id'], 301);
				if (!isset($language_id)) {
					$language_id = $this->{$this->mod->model()}->getLanguageIdBySeoKeyword($request_info['target']);
				}
			}
		}

		$language_prefix = '';

		if (isset($language_id) && $language_id != $this->getLanguageIdByCode($this->default_language)) {
			$language_prefix = $this->short_tag
				? explode('-', $this->getLanguageCodeById($language_id))[0]
				: $this->getLanguageCodeById($language_id);
		}

		if ($language_prefix && $language_prefix != $parts[0]) {
			array_unshift($parts, $language_prefix);
		}

		if ($redirect) {
			$url = $this->config->get('config_url') . implode('/', $parts);
			$this->response->redirect($url, 301);
		}
	}
	/// >>>  /ocmod.space/seo_path/seo_redirect]]></add>
		</operation>
	</file>
</modification>
