<?xml version="1.0" encoding="utf-8"?>

<!--
@name     OpenCart
@package  Seo Path|Simple Blog
@author   Andrii Burkatskyi, ocmod.space@gmail.com
@version  4.2.4
@link     https://www.ocmod.space/seo-path
@link     https://www.opencart.com/index.php?route=marketplace/extension/info&extension_id=38192
@link     https://github.com/ocmod-space/ocmod-seo-path
@licence  https://raw.githubusercontent.com/ocmod-space/ocmod-seo-path/main/EULA.txt
-->

<modification>

    <name>/ocmod.space/seo_path/simple_blog</name>
    <code>seo-path--simple-blog</code>
    <version>4.2.4</version>
    <author>Andrii Burkatskyi</author>
    <link>https://www.opencart.com/index.php?route=marketplace/extension&amp;filter_member=ocmod.space</link>

	<file path="catalog/controller/startup/seo_path.php" error="log">
		<operation error="log">
			<search>
				<![CDATA[case $key == 'path':]]>
			</search>
			<add position="before">
				<![CDATA[					/// <<< /ocmod.space/seo_path/simple_blog
					case $data['route'] == 'simple_blog/article/view' && $key == 'simple_blog_article_id':
						$sql =
							'SELECT * FROM `' . DB_PREFIX . 'seo_url` ' .
							'WHERE ' .
								'`query` = ' . "'" . $this->db->escape($key . '=' . (int)$value) . "'";

						$query = $this->db->query($sql);

						if ($query->num_rows) {
							$url .= '/' . $query->row['keyword'];
						} else {
							$url .= '/simple-blog/' . (int)$value;
						}

						unset($data[$key]);

						break;

					case $data['route'] == 'simple_blog/author' && $key == 'simple_blog_author_id':
						$sql =
							'SELECT * FROM `' . DB_PREFIX . 'seo_url` ' .
							'WHERE ' .
								'`query` = ' . "'" . $this->db->escape($key . '=' . (int)$value) . "'";

						$query = $this->db->query($sql);

						if ($query->num_rows) {
							$url .= '/' . $query->row['keyword'];
						} else {
							$url .= '/simple-blog/' . (int)$value;
						}

						unset($data[$key]);

						break;

					case $data['route'] == 'simple_blog/category' && $key == 'simple_blog_category_id':
						$blog_categories = explode("_", $value);

						foreach ($blog_categories as $blog_category) {
							$sql =
								'SELECT * FROM `' . DB_PREFIX . 'seo_url` ' .
								'WHERE ' .
									'`query` = simple_blog_category_id=' . (int)$blog_category;

							$query = $this->db->query($sql);

							if ($query->num_rows) {
								$url .= '/' . $query->row['keyword'];
							} else {
								$url .= '/simple-category' . $blog_category;
							}
						}

						unset($data[$key]);

						break;

					case $data['route'] == 'simple_blog/search':
						if (isset($key) && ($key == 'blog_search')) {
							$url .= '/search&blog_search=' . $value;
						} else {
							$url .= '/search';
						}

						break;

					case isset($data['route'])
					&& $data['route'] == 'simple_blog/article'
					&& $key != 'simple_blog_article_id'
					&& $key != 'simple_blog_author_id'
					&& $key != 'simple_blog_category_id'
					&& $key != 'page':
						if ($this->config->has('simple_blog_seo_keyword')) {
							$url .= '/' . $this->config->get('theme_' . $this->config->get('config_theme') . '_simple_blog_seo_keyword');
						} else {
							$url .= '/simple-blog';
						}

						break;
					/// >>> /ocmod.space/seo_path/simple_blog]]>
			</add>
		</operation>
	</file>

</modification>
