<?xml version="1.0" encoding="utf-8"?>

<!--
@name     OpenCart
@package  Seo Path|Page N
@author   Andrii Burkatskyi, ocmod.space@gmail.com
@version  4.2.1
@link     https://www.ocmod.space/seo-path
@link     https://www.opencart.com/index.php?route=marketplace/extension/info&extension_id=38192
@link     https://github.com/ocmod-space/ocmod-seo-path
@licence  https://raw.githubusercontent.com/ocmod-space/ocmod-seo-path/main/EULA.txt
-->

<modification>
    <name>/ocmod.space/seo_path/page_n</name>
    <code>seo-path--page-n</code>
    <version>4.2.1</version>
    <author>Andrii Burkatskyi</author>
    <link>https://www.opencart.com/index.php?route=marketplace/extension&amp;filter_member=ocmod.space</link>

	<file path="catalog/controller/startup/seo_path.php" error="log">
		<operation error="log">
			<search info="">
				<![CDATA[$this->request->get['_route_'] = implode('/', $parts);]]>
			</search>
			<add position="before">
				<![CDATA[					/// <<< /ocmod.space/seo_path/page_n
					$this->request->get['_route_'] = implode('/', $parts);
					$this->request->get['page'] = $page;
				} elseif (substr($parts[count($parts) - 1], 0, 5) == 'page-') {
					$page = explode('-', array_pop($parts))[1];
					/// >>> /ocmod.space/seo_path/page_n]]>
			</add>
		</operation>
		<operation error="log" info="exclude numeric pagination">
			<search info="">
				<![CDATA[(int)$parts[count($parts) - 1] > 1]]>
			</search>
			<add position="replace">
				<![CDATA[null && (int)$parts[count($parts) - 1] > 1]]>
			</add>
		</operation>
		<operation error="log">
			<search info="">
				<![CDATA[$page = $page[1];]]>
			</search>
			<add position="replace">
				<![CDATA[$page = $page[0] . '-' . $page[1];]]>
			</add>
		</operation>
	</file>
	<!-- <file path="catalog/controller/startup/seo_path.php" error="log">
		<operation error="ignore" info="for language switching">
			<search info="">
				<![CDATA[if ($url_path && (int)$url_path[count($url_path) - 1] > 1) {]]>
			</search>
			<add position="replace">
				<![CDATA[if ($url_path && substr($url_path[count($url_path) - 1], 0, 5) == 'page-') {]]>
			</add>
		</operation>
	</file> -->
	<file path="system/library/pagination.php" error="log">
		<operation error="log">
			<search>
				<![CDATA[array('&amp;page={page}', '?page={page}', '&page={page}', '/{page}')]]>
			</search>
			<add position="replace">
				<![CDATA[array('&amp;page={page}', '?page={page}', '&page={page}', '/page-{page}')]]>
			</add>
		</operation>
	</file>
</modification>
