<?xml version="1.0" encoding="utf-8"?>

<!--
@name     OpenCart
@package  SEO Path
@author   Andrii Burkatskyi aka 4ndr116, <ocmod.space@gmail.com>
@version  4.4.0
@link     https://www.opencart.com/index.php?route=marketplace/extension/info&extension_id=38192
@link     https://www.opencart.com/index.php?route=marketplace/extension&filter_member=ocmod.space
@link     https://github.com/ocmod-space/seo-path
@licence  https://raw.githubusercontent.com/ocmod-space/ocmod-seo-path/main/EULA.en.txt
-->

<modification>

    <name>/ocmod.space/seo_path__mega_filter_pro</name>
    <code>seo_path__mega_filter_pro</code>
    <version>4.4.0</version>
    <author>Andrii Burkatskyi aka 4ndr116</author>
    <link>https://www.opencart.com/index.php?route=marketplace/extension&amp;filter_member=ocmod.space</link>

	<file path="catalog/controller/startup/seo_path.php" error="log">
		<operation error="log" info="">
			<search>
				<![CDATA[if ($seo_path) {]]>
			</search>
			<add position="after">
				<![CDATA[
			/// <<< /ocmod.space/seo_path__mega_filter_pro
			if(!isset($this->model_extension_module_mega_filter)) {
				$this->load->model('extension/module/mega_filter');
			}

			if(!defined('HTTP_CATALOG')) {
				$mfp_rewrite = $this->registry->get('model_extension_module_mega_filter')->rewrite($seo_path, $data);
				$seo_path = array_shift($mfp_rewrite);
				$data = array_shift($mfp_rewrite);
			}
			/// >>> /ocmod.space/seo_path__mega_filter_pro]]>
			</add>
		</operation>

		<operation error="log">
			<search regex="true"><![CDATA[~foreach *\(*\$parts as \$part *\) \{~]]></search>
			<add position="replace"><![CDATA[/// <<< /ocmod.space/seo_path__mega_filter_pro
			$mfilterSeoConfig = $this->config->get('mega_filter_seo');

			if(!empty($mfilterSeoConfig['enabled'])) {
				if(class_exists('VQMod')) {
					require_once VQMod::modCheck(modification(DIR_SYSTEM . 'library/mfilter_core.php'));
				} else {
					require_once modification(DIR_SYSTEM . 'library/mfilter_core.php');
				}

				if(class_exists('MegaFilterCore')) {
					$parts = MegaFilterCore::prepareSeoParts($this, $parts);
				}
			}

			foreach ($parts as $part) {
				if(!empty($mfilterSeoConfig['enabled']) && class_exists('MegaFilterCore') && MegaFilterCore::prepareSeoPart($this, $part)) {
					continue;
				}]]>
			</add>
		</operation>

		<operation error="log">
			<search><![CDATA[$seo_query = $this->{$this->mod->model()}->getSeoQuery($part);]]></search>
			<add position="after"><![CDATA[
				$mfilterSeoConfig = $this->config->get('mega_filter_seo');

				if((!empty($mfilterSeoConfig['enabled']) || !empty($mfilterSeoConfig['aliases_enabled'])) && !$seo_query) {
					$mfp_path = implode('/', array_slice($parts, 0, -1));
					$mfp_path = class_exists('MegaFilterCore') ? MegaFilterCore::preparePath($this, $mfp_path) : $mfp_path;

					$mfilter_query = $this->db->query("
						SELECT
							*
						FROM
							`" . DB_PREFIX . "mfilter_url_alias`
						WHERE
							`alias` = '" . $this->db->escape($part) . "' AND
							" . (empty($mfilterSeoConfig['redirect_to_correct_lang_by_seo_url']) ? "`language_id` = " . (int)$this->config->get('config_language_id') . " AND" : '') . "
							`path` = '" . $this->db->escape($mfp_path) . "' AND
							`store_id` = " . (int)$this->config->get('config_store_id')
					);

					if($mfilter_query->num_rows) {
						if($this->config->get('config_language_id') != $mfilter_query->row['language_id'] && class_exists('MegaFilterCore')) {
							MegaFilterCore::redirectToCorrectLang($this, $mfilter_query->row);
						}

						if($this->rgetMFP($this->config->get('mfilter_url_param')?$this->config->get('mfilter_url_param'):'mfp') === null) {
							$this->request->get[($this->config->get('mfilter_url_param')?$this->config->get('mfilter_url_param'):'mfp')] = $mfilter_query->row['mfp'];
						}
						$this->request->request['mfp_seo_alias'] = $part;

						continue;
					}
				}
				/// >>> /ocmod.space/seo_path__mega_filter_pro]]>
			</add>
		</operation>
	</file>
</modification>
