<?xml version="1.0" encoding="utf-8"?>

<!--
@name     Seo Path|Megamenu
@author   Andrii Burkatskyi, ocmod.space@gmail.com
@version  4.1.1
@link     https://www.ocmod.space/seo-path
@link     https://github.com/ocmod-space/ocmod-seo-path
@licence  https://raw.githubusercontent.com/ocmod-space/ocmod-seo-path/main/EULA.txt
-->

<modification>

    <name>#ocmod.space: seo-path|megamenu</name>
    <code>seo-path--megamenu</code>
    <version>4.1.1</version>
    <author>Andrii Burkatskyi</author>
    <link>https://www.opencart.com/index.php?route=marketplace/extension&amp;filter_member=ocmod.space</link>

	<file path="catalog/controller/extension/module/*_megamenu.php" error="log">
		<operation error="log">
			<search info="">
				<![CDATA[function getCatTree($category_id = 0)]]>
			</search>
			<add position="before">
				<![CDATA[
	private function getCategoryPath($category_id = 0) {
		$category_path = '';

		$this->load->model('extension/module/seo_path');

		while ($category_id) {
			if (!$category_path) {
				$category_path = (string)$category_id;
			} else {
				$category_path = (string)$category_id . '_' . $category_path;
			}

			$category_id = $this->model_extension_module_seo_path->getCategoryParent($category_id);
		}

		return $category_path;
	}]]>
			</add>
		</operation>
		<operation error="log">
			<search info="">
				<![CDATA['path=' . $column['category_id']]]>
			</search>
			<add position="replace">
				<![CDATA['path=' . $this->getCategoryPath($column['category_id'])]]>
			</add>
		</operation>
		<operation error="log">
			<search info="">
				<![CDATA['path=' . $cats_2[$column_categories[$column['category_id']]]['category_id']]]>
			</search>
			<add position="replace">
				<![CDATA['path=' . $this->getCategoryPath($cats_2[$column_categories[$column['category_id']]]['category_id'])]]>
			</add>
		</operation>
		<operation error="log">
			<search info="">
				<![CDATA['path=' . $cats_3_value['category_id']]]>
			</search>
			<add position="replace">
				<![CDATA['path=' . $this->getCategoryPath($cats_3_value['category_id'])]]>
			</add>
		</operation>
		<operation error="log">
			<search info="">
				<![CDATA['path=' . $cat['category_id']]]>
			</search>
			<add position="replace">
				<![CDATA['path=' . $this->getCategoryPath($cat['category_id'])]]>
			</add>
		</operation>
		<operation error="log">
			<search info="">
				<![CDATA['path=' . $cats_2[$column_categories[$category_id]]['category_id']]]>
			</search>
			<add position="replace">
				<![CDATA['path=' . $this->getCategoryPath($cats_2[$column_categories[$category_id]]['category_id'])]]>
			</add>
		</operation>
		<operation error="log">
			<search info="">
				<![CDATA['path=' . $categories[$top_category_count]['category_id']]]>
			</search>
			<add position="replace">
				<![CDATA['path=' . $this->getCategoryPath($categories[$top_category_count]['category_id'])]]>
			</add>
		</operation>
		<operation error="log">
			<search info="">
				<![CDATA['path=' . $category['category_id']]]>
			</search>
			<add position="replace">
				<![CDATA['path=' . $this->getCategoryPath($category['category_id'])]]>
			</add>
		</operation>
	</file>
</modification>
