<?xml version="1.0" encoding="utf-8"?>

<!--
@name     Seo Path|Zemez
@author   Andrii Burkatskyi, ocmod.space@gmail.com
@version  4.1.0
@link     https://www.ocmod.space/seo-tools
@link     https://github.com/ocmod-space/ocmod-seo-tools
@licence  https://raw.githubusercontent.com/ocmod-space/ocmod-seo-tools/main/EULA.txt
-->

<modification>

    <name>#ocmod.space: seo-path|zemez</name>
    <code>seo-path--zemez</code>
    <version>4.1.0</version>
    <author>Andrii Burkatskyi</author>
    <link>https://www.opencart.com/index.php?route=marketplace/extension&amp;filter_member=ocmod.space</link>

	<file path="catalog/controller/extension/module/seo_path.php" error="log">
		<operation error="log">
			<search info="">
				<![CDATA[unset($this->session->data['get']);]]>
			</search>
			<add position="replace">
				<![CDATA[// unset($this->session->data['get']);]]>
			</add>
		</operation>
	</file>

</modification>
