<?xml version="1.0" encoding="utf-8"?>

<!--
@name     OpenCart
@package  SEO Path
@author   Andrii Burkatskyi aka 4ndr116, <ocmod.space@gmail.com>
@version  4.4.0
@link     https://www.opencart.com/index.php?route=marketplace/extension/info&extension_id=38192
@link     https://www.opencart.com/index.php?route=marketplace/extension&filter_member=ocmod.space
@link     https://github.com/ocmod-space/seo-path
@licence  https://raw.githubusercontent.com/ocmod-space/ocmod-seo-path/main/EULA.en.txt
-->

<modification>

    <name>/ocmod.space/seo_path__cyberstore</name>
    <code>seo_path__cyberstore</code>
    <version>4.4.0</version>
    <author>Andrii Burkatskyi aka 4ndr116</author>
    <link>https://www.opencart.com/index.php?route=marketplace/extension&amp;filter_member=ocmod.space</link>

	<file path="catalog/controller/startup/seo_path.php" error="log">
		<operation error="log">
			<search info="">
				<![CDATA[case 'manufacturer_id':]]>
			</search>
			<add position="before">
				<![CDATA[
						/// /ocmod.space/seo_path__cyberstore
						case 'cs_news_article_id':
							$this->request->get['cs_news_article_id'] = $seo_query_parts[1];

							break;

						/// /ocmod.space/seo_path__cyberstore
						case 'cs_news_id':
							if (!isset($this->request->get['cs_news_id'])) {
								$this->request->get['cs_news_id'] = $seo_query_parts[1];
							} else {
								$this->request->get['cs_news_id'] .= '_' . $seo_query_parts[1];
							}

							break;
				]]>
			</add>
		</operation>

		<operation>
			<search><![CDATA[} elseif (isset($this->request->get['manufacturer_id'])) {]]></search>
			<add position="before"><![CDATA[
				/// <<< /ocmod.space/seo_path__cyberstore
				} elseif (isset($this->request->get['cs_news_article_id'])) {
					$this->request->get['route'] = 'cyberstore/article';
				} elseif (isset($this->request->get['cs_news_id'])) {
					$this->request->get['route'] = 'cyberstore/category';
				/// >>> /ocmod.space/seo_path__cyberstore]]>
			</add>
		</operation>

		<operation>
			<search><![CDATA[case $data['route'] == 'information/information' && $key == 'information_id':]]></search>
			<add position="after"><![CDATA[
					/// <<< /ocmod.space/seo_path__cyberstore
					case $data['route'] == 'cyberstore/article' && $key == 'cs_news_article_id':]]>
			</add>
		</operation>

		<operation>
			<search><![CDATA[case $key == 'path':]]></search>
			<add position="before"><![CDATA[
					/// <<< /ocmod.space/seo_path__cyberstore
					case $key == 'cs_news_id':

						$news_categories = explode('_', $value);

						foreach ($news_categories as $news_category) {
							$query = $this->db->query("SELECT * FROM " . DB_PREFIX . "seo_url WHERE `query` = 'cs_news_id=" . (int)$news_category . "' AND store_id = '" . (int)$this->config->get('config_store_id') . "' AND language_id = '" . (int)$this->config->get('config_language_id') . "'");

							if ($query->num_rows && $query->row['keyword']) {
								$seo_path .= '/' . $query->row['keyword'];
							} else {
								$seo_path = '';

								break;
							}
						}

						unset($data[$key]);

						break;
						/// >>> /ocmod.space/seo_path__cyberstore]]>
			</add>
		</operation>
	</file>

</modification>
